species_name,category,label,n_pairs,dS,dS_lo,dS_hi,dNdS,dNdS_lo,dNdS_hi,dS_p16,dS_p84,dNdS_p16,dNdS_p84
Bacteroides_vulgatus_57955,within_clade,Bacteroides_vulgatus_57955 [within],100,0.008976102171294926,0.008727555134275719,0.009201743272608908,0.13609312926830375,0.13464728603853626,0.13766497001382672,0.007837795546244097,0.010055128163326509,0.1300698647360651,0.14322432136054652
Bacteroides_caccae_53434,typical,Bacteroides_caccae_53434,100,0.00917328482311759,0.008883346968195186,0.009459179891710344,0.1435183869412259,0.14202481315850746,0.1448838000828091,0.007587285662794993,0.01091103579406831,0.13692631900842056,0.15164923095418173
Bacteroides_massiliensis_44749,typical,Bacteroides_massiliensis_44749,100,0.011334988148453651,0.010905960842765688,0.011783241562410835,0.1259551822008546,0.12520185096223732,0.12658694884867883,0.007979832242527659,0.013193248145171324,0.12365816924965059,0.12857066762828995
Odoribacter_splanchnicus_62174,typical,Odoribacter_splanchnicus_62174,100,0.011764911288375823,0.011309977382399654,0.012255312903785646,0.15437911611417615,0.15367218500812876,0.15509845787298343,0.00814944724118096,0.01360586523965041,0.1515451980899791,0.15753884753143763
Alistipes_sp_60764,typical,Alistipes_sp_60764,100,0.011891907266781496,0.011326867301436835,0.012398090124706326,0.1526375454616964,0.15134702510126394,0.15388764785628373,0.008793709565805297,0.014848756091416518,0.14980137375421843,0.15701318155636346
Bacteroides_fragilis_54507,typical,Bacteroides_fragilis_54507,100,0.012246156875043174,0.01199791177526003,0.012515124926571478,0.13390405836034705,0.13313079477414125,0.13460619578818214,0.011204625316731609,0.014076168901110396,0.13094761079397174,0.13709288643670298
Alistipes_shahii_62199,typical,Alistipes_shahii_62199,100,0.013147171269523378,0.011297845781893566,0.015429451201070846,0.19143417160917292,0.18651838916453303,0.1964442172050141,0.00988402840835122,0.013132774253133415,0.1934673289739212,0.20450783982237705
Bacteroides_eggerthii_54457,typical,Bacteroides_eggerthii_54457,100,0.013990851118017535,0.013796041836215585,0.014179991913857257,0.11452063154402765,0.11380746734321276,0.11511956289027012,0.012955500469444685,0.015477992298983508,0.11112318267292687,0.11792437171512743
Bacteroides_uniformis_57318,typical,Bacteroides_uniformis_57318,100,0.014398766388912581,0.013680917053166488,0.015235564463838355,0.1374619538719599,0.13591264855125068,0.13895301568624693,0.012220360501136552,0.01583489898484478,0.13254918032256377,0.14411602109667404
Bacteroidales_bacterium_58650,typical,Bacteroidales_bacterium_58650,100,0.014504303668753752,0.014169564846747891,0.01480376700265723,0.15839897328556146,0.1572479610806536,0.15953251275881464,0.01321366970579529,0.015837156414406587,0.15280703165617537,0.16385519838217472
Roseburia_intestinalis_56239,typical,Roseburia_intestinalis_56239,100,0.014527103539976372,0.013933077099173283,0.015187637229549415,0.1283669231899153,0.1246061999838513,0.13185997459929585,0.012958927826791864,0.01454380080754623,0.12780426273213266,0.14013330605867122
Coprococcus_sp_62244,typical,Coprococcus_sp_62244,100,0.01725469066569597,0.016864732509697836,0.017749631117037968,0.1277148420952804,0.12686784081663985,0.12858029921277062,0.015848471628958426,0.0184976746540401,0.12351925717803619,0.13229723160087556
Bacteroides_ovatus_58035,typical,Bacteroides_ovatus_58035,100,0.01943710458425102,0.018059950468671745,0.020912115563195107,0.0985191063370864,0.0956915704732373,0.10113838062596067,0.015928357494802946,0.020076321180365193,0.09438371163444557,0.10756529615602824
Parabacteroides_merdae_56972,typical,Parabacteroides_merdae_56972,100,0.01951167820589177,0.018412535978332707,0.020714551741786432,0.1102343159530383,0.10892478341710728,0.1115755155148374,0.015220365679546813,0.030206897854503097,0.10402574708464521,0.11770608215799369
Alistipes_putredinis_61533,typical,Alistipes_putredinis_61533,100,0.020299835623230282,0.019868167282049678,0.02071853044302217,0.15650874647812407,0.15546275906773827,0.1575197964876779,0.01786235959008555,0.022423966342733442,0.15212439776737952,0.16153842826546766
Alistipes_finegoldii_56071,typical,Alistipes_finegoldii_56071,100,0.021996401440058704,0.020817285529831094,0.023363923194561226,0.14051717145143391,0.13899949589273472,0.14203045861892732,0.016492891607133613,0.0316881235843054,0.13355720855161132,0.1498226012811549
Phascolarctobacterium_sp_59817,typical,Phascolarctobacterium_sp_59817,100,0.022410284695440864,0.020629652806944558,0.02443590981865961,0.10154723842483424,0.0986579221965169,0.10439705885140202,0.015569247062871194,0.034686579601592486,0.09117143744768887,0.11618125619730062
Bacteroides_coprocola_61586,typical,Bacteroides_coprocola_61586,100,0.02376708149432846,0.022832736944521478,0.024575104748167244,0.10201121584613926,0.09837831750840112,0.10608610870341825,0.020401196464829307,0.026943053152625414,0.0804855120209247,0.11917958362494137
Faecalibacterium_cf_62236,typical,Faecalibacterium_cf_62236,100,0.024731855128567903,0.02384870352475424,0.025760358368855894,0.12140809492565585,0.11899678372874767,0.12340449933842657,0.02207500301112288,0.02871162175048277,0.11721058291600628,0.12857500378320144
Bacteroides_cellulosilyticus_58046,typical,Bacteroides_cellulosilyticus_58046,100,0.025287320788449558,0.022839987310325983,0.0280527051490651,0.10269199083587736,0.09929979317986289,0.10625218258336241,0.017289323457899478,0.02574862820634616,0.10435811042850408,0.11588991400289558
Bacteroides_finegoldii_57739,typical,Bacteroides_finegoldii_57739,100,0.025567892661143538,0.022687649312382,0.02833634067062461,0.1129651321016271,0.11039018191542076,0.11616476315297568,0.008927748198590463,0.04159793631848146,0.10286897647503704,0.1497797578829851
Alistipes_onderdonkii_55464,typical,Alistipes_onderdonkii_55464,100,0.026422269591389096,0.024942602966300888,0.028010134774930875,0.13500460275224388,0.13403521780903108,0.1358824352978274,0.019937579936652162,0.03834089246978248,0.1307879508450063,0.1398021299764395
Bacteroides_stercoris_56735,typical,Bacteroides_stercoris_56735,100,0.027455805447180022,0.026617262663998303,0.02835343598313209,0.09609009379546782,0.09553069969986655,0.09662206985108937,0.022578743327008335,0.0321949001272819,0.09406310228926426,0.09868344850916777
Bacteroides_thetaiotaomicron_56941,typical,Bacteroides_thetaiotaomicron_56941,100,0.0276268809671813,0.026912659876941285,0.028342615363411285,0.08999332266115605,0.0892149734783882,0.09077129265016738,0.02402751316456943,0.030635517665567862,0.0867055957021808,0.09354913665674292
Bacteroides_xylanisolvens_57185,typical,Bacteroides_xylanisolvens_57185,100,0.0279550359792132,0.02741307226728012,0.0285490668506262,0.08479789417904271,0.08350062626610627,0.08596405699634387,0.0252780074989852,0.03027351171002904,0.08056813074413453,0.09055187939132167
Parabacteroides_distasonis_56985,typical,Parabacteroides_distasonis_56985,100,0.028162060979889707,0.026574332218484306,0.029808427925765917,0.09099545593605235,0.09006227999790305,0.0918888168101037,0.0192324140135436,0.03671151125751782,0.08738102504359892,0.09800864843473442
Oscillibacter_sp_60799,typical,Oscillibacter_sp_60799,100,0.030663140130420874,0.02867428827857563,0.03285134154272417,0.14053199895148463,0.13819451741557068,0.1430368801775146,0.022601825874097793,0.044560459824772115,0.12995208876383121,0.15379268596879242
Ruminococcus_bromii_62047,typical,Ruminococcus_bromii_62047,100,0.03089662953947067,0.029615562371184047,0.03226960806349126,0.11289076736423125,0.11100999544155433,0.11460205858182791,0.0256648391006123,0.03488539100151341,0.11113061254766218,0.11885318417770911
Barnesiella_intestinihominis_62208,typical,Barnesiella_intestinihominis_62208,100,0.031165849893679015,0.03085255815460231,0.03148731357510145,0.11811349437792498,0.117512574713464,0.11872441838362162,0.030002518653291,0.03225032080484245,0.11589148918289015,0.12107658346005512
Akkermansia_muciniphila_55290,typical,Akkermansia_muciniphila_55290,100,0.031320300237527125,0.02994214695564101,0.03253441280671312,0.14736530571059056,0.1464845153086129,0.14837603578392686,0.0249660513011372,0.036825372006553,0.14404173639444412,0.15024965520256145
Roseburia_inulinivorans_61943,typical,Roseburia_inulinivorans_61943,100,0.03510340546942356,0.0345442741312414,0.03565023895142181,0.09215283554958047,0.09168856573168113,0.09262946298740338,0.032459596614133245,0.038704446527654465,0.09007867656926369,0.09430059308571703
Dialister_invisus_61905,typical,Dialister_invisus_61905,100,0.037082145091987054,0.03671620122297251,0.037459681587175865,0.13355265813469946,0.13290368243662498,0.1341038867046737,0.03520923919255433,0.03867532194568977,0.13077239672186866,0.1359108659944307
Ruminococcus_bicirculans_59300,typical,Ruminococcus_bicirculans_59300,100,0.03753986217297803,0.03689923621613262,0.038185642640532536,0.09782521639547535,0.09741621104476335,0.09823281442827037,0.034998407115002815,0.04290384479132592,0.0960300444553621,0.09970772849624128
Faecalibacterium_prausnitzii_62201,typical,Faecalibacterium_prausnitzii_62201,100,0.03797833262873035,0.0369677256967201,0.03905570615691397,0.12949757373768686,0.12638069410829414,0.1331367102660004,0.03230253400414763,0.04296788852728136,0.11431816780269312,0.1565375432619974
Faecalibacterium_prausnitzii_61481,typical,Faecalibacterium_prausnitzii_61481,100,0.038432475827034275,0.03790707320167128,0.03897188433277259,0.10080857900583777,0.10025974924144941,0.10137233517732763,0.03630011894162715,0.04185110015995892,0.09813476239985275,0.10320336866339914
Eubacterium_rectale_56927,typical,Eubacterium_rectale_56927,100,0.038852429727511614,0.03751256029858765,0.04026471580647445,0.09335249018172662,0.09190083138598339,0.0947215271438261,0.031314315899505805,0.04935652834580652,0.08608051421433224,0.09950778573938954
Escherichia_coli_58110,typical,Escherichia_coli_58110,100,0.03907228192708397,0.035767661375875254,0.04240972597268839,0.06144795492000045,0.05977005179206128,0.06305620362006682,0.019486970374828133,0.05628621668893951,0.054953233962455245,0.07487421544203432
Eubacterium_eligens_61678,typical,Eubacterium_eligens_61678,100,0.039718449549477626,0.037464945547598494,0.041918788243087986,0.08301828868844773,0.08181644853572183,0.08431845764686519,0.02670156994878671,0.054927271548309904,0.07697121588272843,0.09205862030890596
Prevotella_copri_61740,typical,Prevotella_copri_61740,100,0.03994764568469638,0.03727472709081548,0.042635300876901344,0.09342193223012535,0.09098052294271108,0.0957235927190874,0.019979607349599936,0.049102565992126854,0.08628760761268318,0.11395182954135226
Eubacterium_siraeum_57634,typical,Eubacterium_siraeum_57634,100,0.052312264348210326,0.05054152189906566,0.054267852882047184,0.08181736953182524,0.08122994987700577,0.08228845163851539,0.04126920431465005,0.06093734356827998,0.0786684379207051,0.08406583402864075
Faecalibacterium_prausnitzii_57453,typical,Faecalibacterium_prausnitzii_57453,100,0.05669265154924813,0.05450065406864977,0.05921259225799069,0.06983164744527084,0.06941804483660372,0.07017147304168347,0.04753237705563707,0.07617237358225515,0.06793154831696056,0.07177396608173965
Bacteroides_plebeius_61623,typical,Bacteroides_plebeius_61623,100,0.06194571906556599,0.05849320805479071,0.0653717739129045,0.04921153741485275,0.04839677526231506,0.05008349089935661,0.03826909867732168,0.08111588415473095,0.044098272436139285,0.05381128193546625
Bacteroides_vulgatus_57955,cross_clade,Bacteroides_vulgatus_57955 [cross],100,0.0650234349942452,0.06430822252924537,0.06573813431819368,0.09690714266967686,0.09586340469854208,0.09787583527132668,0.06135195878474105,0.06904945248459661,0.09187252630206373,0.10284857313672593
