sample,div_to_ref_4D,covered_4D,clade
700013603,0.005457474319892512,276868,vulgatus
700013672,0.005831832359530818,273156,vulgatus
700013693,0.0593075671494492,224946,dorei
700013715,0.05722204496426003,209989,dorei
700014486,0.0056105764571166014,278581,vulgatus
700014562,0.005916083916083916,286000,vulgatus
700015113,0.006013086433483475,269745,vulgatus
700015415,0.0056924572127598095,266493,vulgatus
700015857,0.006511129399605734,261245,vulgatus
700015922,0.05650784640905065,204361,dorei
700016142,0.057876164196188136,210553,dorei
700016210,0.004906284454244763,272100,vulgatus
700016456,0.05725413542608746,205662,dorei
700016542,0.005891228855469962,277022,vulgatus
700016765,0.004840820690545099,271235,vulgatus
700021295,0.06460381128693378,272244,dorei
700021361,0.006495692715309341,273258,vulgatus
700021876,0.00550983765990873,267340,vulgatus
700021902,0.0047292346632918135,270234,vulgatus
700023188,0.005111778296148308,268791,vulgatus
700023267,0.057521006362620815,205890,dorei
700023390,0.004749406324209474,272034,vulgatus
700023509,0.007180743982494529,285625,vulgatus
700023603,0.0050540232099716914,269884,vulgatus
700023720,0.00599652272646631,281830,vulgatus
700023845,0.004873846711853648,264678,vulgatus
700023872,0.004812365784153197,270553,vulgatus
700024233,0.0051412745646857785,271528,vulgatus
700024349,0.005729460407336996,267739,vulgatus
700024509,0.007159477985393683,285356,vulgatus
700024545,0.05804769302156677,198268,dorei
700024615,0.004807337826080545,271252,vulgatus
700024711,0.005231220678537142,276035,vulgatus
700024752,0.005157957860735138,271813,vulgatus
700024789,0.007660340570273752,281058,vulgatus
700032068,0.06492202225440467,274822,dorei
700032133,0.0057300493767379074,272598,vulgatus
700032222,0.005282206425509011,269395,vulgatus
700032944,0.0062917308680020545,264792,vulgatus
700033502,0.007198931794506474,279347,vulgatus
700033797,0.005053686041629177,266736,vulgatus
700033922,0.004675757598106097,271186,vulgatus
700033989,0.004938555611623972,269512,vulgatus
700034254,0.005426646014853041,270517,vulgatus
700034794,0.006601756238827582,267959,vulgatus
700035157,0.00648245350929814,266720,vulgatus
700035533,0.05691295809274741,204189,dorei
700035785,0.00677727212167535,285218,vulgatus
700035861,0.008100985667214063,281941,vulgatus
700037008,0.05865069605459546,213058,dorei
700037042,0.05758116099300612,209183,dorei
700037090,0.005817998734305564,286009,vulgatus
700037284,0.004801898232796327,266353,vulgatus
700037453,0.05805029515819775,198707,dorei
700037649,0.004927064077456669,273185,vulgatus
700037738,0.004694005074193135,265658,vulgatus
700037757,0.05970045020927515,214789,dorei
700037852,0.004743739477316507,263716,vulgatus
700037967,0.007292632229431758,284808,vulgatus
700038053,0.006707948415272367,248213,vulgatus
700038386,0.007460130308897711,277341,vulgatus
700038472,0.005017698657266795,270642,vulgatus
700038493,0.05916805669427874,212226,dorei
700038546,0.005581564171321057,269996,vulgatus
700038594,0.057528966829667814,207565,dorei
700038702,0.005876739533324245,271409,vulgatus
700038761,0.004938069006157668,268121,vulgatus
700095213,0.005313903801906431,273810,vulgatus
700095647,0.004971925443548086,267502,vulgatus
700095717,0.005400250647628164,273691,vulgatus
700095831,0.005391744503103788,275792,vulgatus
700096047,0.005573595696214802,268229,vulgatus
700096700,0.006349985314729512,268977,vulgatus
700096865,0.0057977403857929115,285801,vulgatus
700097688,0.007053038549603994,266410,vulgatus
700098669,0.006924216577116045,258513,vulgatus
700098867,0.0050694164410392305,277744,vulgatus
700099002,0.005498972104097493,276779,vulgatus
700099512,0.058263078306763263,202358,dorei
700099746,0.005138392071776227,272848,vulgatus
700100022,0.05850022443151973,209418,dorei
700100227,0.00600669720751691,269366,vulgatus
700100312,0.004679048261672732,271209,vulgatus
700100432,0.006521714257382695,262201,vulgatus
700100540,0.004642875625642277,270522,vulgatus
700100600,0.05759223244467508,206191,dorei
700101243,0.005697581107417173,261690,vulgatus
700101581,0.057514477300843844,207739,dorei
700101840,0.05690918465329909,211407,dorei
700102043,0.05296022973920593,209629,dorei
700102299,0.007572733919419612,283121,vulgatus
700102356,0.007167881592178671,279441,vulgatus
700102432,0.05734185623381499,207754,dorei
700102586,0.005900388412071543,276253,vulgatus
700102659,0.007133364262019457,286681,vulgatus
700102905,0.05772212858174813,207650,dorei
700103479,0.005527401643142418,271918,vulgatus
700103652,0.057775552163634,207683,dorei
700103710,0.004934192207020735,269345,vulgatus
700105000,0.006221480117567676,262317,vulgatus
700105153,0.006243161003102843,266852,vulgatus
700105237,0.004663641802581168,269103,vulgatus
700105312,0.004953738121701495,271714,vulgatus
700105517,0.005808078159038538,285981,vulgatus
700105940,0.05901812455903448,214019,dorei
700106198,0.004924444310990669,266426,vulgatus
700106325,0.05800119262878467,207944,dorei
700106333,0.005388534985182445,272987,vulgatus
700106465,0.05760269639916751,207091,dorei
700106754,0.005538024503047138,285842,vulgatus
700106836,0.004768681683046592,268418,vulgatus
700106876,0.0065979867583919926,262959,vulgatus
700107398,0.005364626990779548,274390,vulgatus
700107566,0.005484756185167093,278408,vulgatus
700107930,0.057940359773029096,207075,dorei
700108095,0.005424522226188592,271729,vulgatus
700108161,0.0063999581555567175,267658,vulgatus
700108218,0.004993165882008675,269969,vulgatus
700108840,0.06464402370711952,270636,dorei
700109383,0.006961253181479793,256563,vulgatus
700109449,0.006441337317471952,283792,vulgatus
700109506,0.005392998906873623,275357,vulgatus
700110089,0.005363072352324362,274656,vulgatus
700110155,0.0589473892326855,202316,dorei
700110354,0.004972625080086202,274704,vulgatus
700110419,0.007590761402000239,283766,vulgatus
700111223,0.0068482342916653515,285183,vulgatus
700111296,0.006889808941927241,283317,vulgatus
700111439,0.004855728138170886,271432,vulgatus
700111505,0.00674973257197957,265492,vulgatus
700111745,0.006294038914637788,271209,vulgatus
700112046,0.006381816685495395,267322,vulgatus
700112376,0.005041546761266201,271742,vulgatus
700112433,0.05779271004544136,206860,dorei
700112755,0.06457513441605232,270615,dorei
700112812,0.005959216959639678,267317,vulgatus
700113114,0.005761107548046089,271302,vulgatus
700113616,0.005455281687500469,266714,vulgatus
700113705,0.00474941596509014,272244,vulgatus
700113810,0.005076590297090893,271836,vulgatus
700113867,0.006607985619626009,274819,vulgatus
700114125,0.05791293528739457,207363,dorei
700114480,0.005967743075933167,282854,vulgatus
700116148,0.005000498572605097,270773,vulgatus
700116296,0.05835667161626224,212812,dorei
700116468,0.006208645364269595,286697,vulgatus
700116611,0.004750794865756006,271744,vulgatus
700116828,0.005241960559093686,273371,vulgatus
700116865,0.004943102826836929,271894,vulgatus
700117000,0.007655631874490366,280839,vulgatus
700117184,0.006265123031679262,268630,vulgatus
700117239,0.005420093953184764,272689,vulgatus
700117395,0.005306699753656269,276443,vulgatus
700117537,0.0053002127320878134,276404,vulgatus
700117625,0.05898872420395716,211515,dorei
700117682,0.0050460077174235675,269520,vulgatus
700117755,0.005744995599498155,267015,vulgatus
700117766,0.05761838905050312,209690,dorei
700117828,0.058282840378397795,208775,dorei
700117992,0.004947417305848514,267008,vulgatus
700119042,0.005313073591177962,274041,vulgatus
700119496,0.005892493680146606,276114,vulgatus
700119562,0.005707728643365369,269284,vulgatus
700119739,0.0583209297000229,209616,dorei
700120572,0.006942581637983369,283324,vulgatus
700122042,0.006183978955123363,268759,vulgatus
700122108,0.007616224000788735,283999,vulgatus
700122408,0.005660575509346776,285660,vulgatus
700122765,0.005217246581835154,276391,vulgatus
700123562,0.005452117386073924,271821,vulgatus
700123827,0.0048812438023937855,273291,vulgatus
700124561,0.005726868991406002,270654,vulgatus
700161219,0.05714806097287604,214128,dorei
700161342,0.005973506530264153,268519,vulgatus
700161429,0.006291330546506914,286108,vulgatus
700161629,0.005226525346093063,273987,vulgatus
700161742,0.005059994969595644,270356,vulgatus
700161743,0.004740417951756678,271706,vulgatus
700161872,0.006605748608883417,273701,vulgatus
700163030,0.004783186821304573,270740,vulgatus
700163181,0.05931761978724303,213107,dorei
700163238,0.007290170560493315,284767,vulgatus
700163699,0.004909409265529974,267853,vulgatus
700163811,0.006630085202089393,272998,vulgatus
700163868,0.007363391696150474,264552,vulgatus
700163981,0.058433467274553744,207056,dorei
700163982,0.005337563873690905,276718,vulgatus
700164050,0.004732957986586214,267486,vulgatus
700164159,0.005873150214151984,272937,vulgatus
700164192,0.0055680192195587275,283045,vulgatus
700164249,0.004718756225880478,271046,vulgatus
700164354,0.0049214991416846555,271462,vulgatus
700164417,0.006525749828685889,284565,vulgatus
700164611,0.004908717647921402,272780,vulgatus
700164686,0.0050240198126156235,268112,vulgatus
700164870,0.059228434950978306,211233,dorei
700165052,0.007601695460426152,279806,vulgatus
700165148,0.005183501908538668,269316,vulgatus
700165263,0.005291291942066674,276870,vulgatus
700165530,0.05763153260859492,215802,dorei
700165634,0.005788813433411125,285378,vulgatus
700166262,0.006947126017144903,284866,vulgatus
700166586,0.005344320702958503,274497,vulgatus
700167107,0.006963463873281193,283336,vulgatus
700167759,0.00631440489782044,270651,vulgatus
700167825,0.0057456842788926364,270986,vulgatus
700171441,0.05910178958167104,210552,dorei
700171679,0.005181308439144841,267693,vulgatus
700171727,0.004932456452186278,270048,vulgatus
700172068,0.004930724437205774,268926,vulgatus
700172132,0.005309721709817198,276474,vulgatus
700172279,0.004910043738684314,272299,vulgatus
700172346,0.005960667803809303,267923,vulgatus
700172393,0.004951556837512018,270420,vulgatus
700172498,0.00636858166379196,271332,vulgatus
700172726,0.005544749804097168,285856,vulgatus
700172870,0.05775925247343349,218320,dorei
700173176,0.05899013900439586,210425,dorei
700173272,0.004887826406767194,271900,vulgatus
700173546,0.005946026202108329,282878,vulgatus
700173627,0.006236882451883717,268724,vulgatus
SRR341624,0.007194857167184639,281868,vulgatus
SRR341626,0.005623512756944025,281141,vulgatus
SRR341628,0.007932807826654521,278842,vulgatus
SRR341632,0.007224983628380337,279447,vulgatus
SRR341633,0.05571023908272668,206874,dorei
SRR341638,0.057321700849507606,261681,dorei
SRR341641,0.006617864017647637,284684,vulgatus
SRR341642,0.05854140538897123,263130,dorei
SRR341644,0.007080611951987922,282179,vulgatus
SRR341648,0.006935583305853847,278996,vulgatus
SRR341651,0.007108996312141483,281193,vulgatus
SRR341652,0.0075159985979771846,276743,vulgatus
SRR341653,0.05656354102639986,263562,dorei
SRR341690,0.06346144643507902,271661,dorei
SRR341691,0.00688847119125242,282501,vulgatus
SRR341692,0.006942440789778333,280737,vulgatus
SRR341693,0.0580243983481274,210670,dorei
SRR341696,0.005766001710791716,284079,vulgatus
SRR341697,0.0060711553443713725,284954,vulgatus
SRR341699,0.007086056492104008,285208,vulgatus
SRR341701,0.006439256001568671,285592,vulgatus
SRR341704,0.0074608174798311,283481,vulgatus
SRR341709,0.007059829778880803,285276,vulgatus
SRR341711,0.00759585888201242,280021,vulgatus
SRR341713,0.007049821304181937,285681,vulgatus
SRR341714,0.06329019948476952,269394,dorei
SRR341716,0.007289825801565261,285192,vulgatus
SRR341721,0.005751660690762826,283918,vulgatus
SRR341723,0.0068105667830564666,283530,vulgatus
SRR413556,0.007287918737232005,282934,vulgatus
SRR413560,0.005926169082648582,286357,vulgatus
SRR413579,0.007362737288792709,283726,vulgatus
SRR413585,0.0627096257160666,269528,dorei
SRR413592,0.05774930452810856,208851,dorei
SRR413593,0.06294908936578525,270965,dorei
SRR413594,0.005614756390893327,286032,vulgatus
SRR413596,0.006637682589118992,283834,vulgatus
SRR413597,0.008125195663203803,277901,vulgatus
SRR413601,0.007384509097574215,283702,vulgatus
SRR413603,0.06261538631615021,271371,dorei
SRR413604,0.007058708476387729,286313,vulgatus
SRR413605,0.006368543410108648,274003,vulgatus
SRR413606,0.00816505643600682,278014,vulgatus
SRR413609,0.006625554610048291,285561,vulgatus
SRR413610,0.06330750311147988,269968,dorei
SRR413616,0.006391404106099416,284601,vulgatus
SRR413617,0.0634227752331856,269635,dorei
SRR413618,0.0069598992231786685,285780,vulgatus
SRR413619,0.005867270090583645,285482,vulgatus
SRR413622,0.005898454065307066,285329,vulgatus
SRR413628,0.005867962115122497,286130,vulgatus
SRR413633,0.006646881361752226,285397,vulgatus
SRR413637,0.0071195428281697285,284007,vulgatus
SRR413641,0.007273572218193084,284042,vulgatus
SRR413643,0.005776337682809353,285475,vulgatus
SRR413647,0.007337666453062173,284014,vulgatus
SRR413658,0.00675381956593191,282951,vulgatus
SRR413659,0.008812178613115914,285287,vulgatus
SRR413661,0.005663025483614676,285713,vulgatus
SRR413664,0.00649041824031333,285960,vulgatus
SRR413665,0.0057761808633833515,285829,vulgatus
SRR413666,0.06352715640872149,272293,dorei
SRR413688,0.005967341093216888,284884,vulgatus
SRR413758,0.006108137706887111,283065,vulgatus
ERR911959,0.008245006772300218,279078,vulgatus
ERR911961,0.06435234644316443,272391,dorei
ERR911966,0.006061813023639324,286218,vulgatus
ERR911968,0.06507021337002337,274734,dorei
ERR911970,0.007577414507150567,283474,vulgatus
ERR911972,0.008170620325343735,283577,vulgatus
ERR911977,0.06509904622157006,272600,dorei
ERR911986,0.059464835159704355,214177,dorei
ERR911987,0.005448104827566406,278629,vulgatus
ERR911993,0.006452722143468681,284996,vulgatus
ERR911994,0.006107955042650677,285693,vulgatus
ERR911997,0.007421176453989764,283513,vulgatus
ERR911998,0.006308700542519861,281833,vulgatus
ERR911999,0.06625003168212151,276181,dorei
ERR912000,0.06608259510161542,276336,dorei
ERR912003,0.006481669029775167,286346,vulgatus
ERR912004,0.00595793528668162,283991,vulgatus
ERR912008,0.006453914850300658,285873,vulgatus
ERR912014,0.006346598707512365,284877,vulgatus
ERR912015,0.006589247976184626,284858,vulgatus
ERR912020,0.006057307395182246,284780,vulgatus
ERR912026,0.0651821158471212,276088,dorei
ERR912027,0.06567566487574335,275277,dorei
ERR912032,0.005976255835504345,285965,vulgatus
ERR912035,0.06448436576880155,274206,dorei
ERR912037,0.006926437934245398,279220,vulgatus
ERR912038,0.0060356546118773184,282488,vulgatus
ERR912039,0.0061341120907680916,286268,vulgatus
ERR912040,0.006293056537560293,270139,vulgatus
ERR912041,0.05962305268151098,212921,dorei
ERR912045,0.007501245462956373,281020,vulgatus
ERR912048,0.005053656776986203,277225,vulgatus
ERR912053,0.006910891162763017,268851,vulgatus
ERR912061,0.006191403420114287,282973,vulgatus
ERR912068,0.060153603523735756,214318,dorei
ERR912071,0.006555914896007809,284781,vulgatus
ERR912074,0.06516354536824533,274939,dorei
ERR912080,0.006925261097748415,285621,vulgatus
ERR912084,0.06549466704997435,274801,dorei
ERR912087,0.0059063791692602514,285962,vulgatus
ERR912089,0.007727336910477266,283280,vulgatus
ERR912090,0.007616830433764336,286077,vulgatus
ERR912091,0.06535385422970086,274322,dorei
ERR912093,0.005948600702823998,283428,vulgatus
ERR912100,0.06506122685436626,276186,dorei
ERR912104,0.009455698104567213,279514,vulgatus
ERR912110,0.007398364831206113,284252,vulgatus
ERR912111,0.005910950998565982,285910,vulgatus
ERR912113,0.06609599421536798,273829,dorei
ERR912116,0.05992451918160945,215154,dorei
ERR912119,0.059958509099813796,216433,dorei
ERR912126,0.06470825798893211,274849,dorei
ERR912128,0.005571196250896183,285935,vulgatus
ERR912131,0.0061767733712436886,285586,vulgatus
ERR912132,0.006181720170399851,285681,vulgatus
ERR912134,0.06504901301561801,275131,dorei
ERR912135,0.0074428533058143315,282956,vulgatus
ERR912136,0.0061282494690611455,283931,vulgatus
ERR912137,0.06549988485705827,273573,dorei
ERR912142,0.059667334369208305,213668,dorei
ERR912145,0.007431421975372367,282853,vulgatus
ERR912149,0.006320165738122567,285752,vulgatus
ERR912152,0.0636784140168816,275211,dorei
ERR912153,0.0064161607703579655,286620,vulgatus
ERR912156,0.0656683406153121,275795,dorei
ERR912159,0.0059487901918188445,286781,vulgatus
ERR912160,0.006266517247759589,286443,vulgatus
ERR912161,0.06607582435935605,275426,dorei
ERR912163,0.06586133077023898,274668,dorei
ERR912181,0.06503254730585706,273909,dorei
ERR912189,0.007365013010581469,283231,vulgatus
ERR912190,0.007067312096166177,283842,vulgatus
ERR912192,0.005888426869087154,286664,vulgatus
ERR912197,0.06510624876220375,272662,dorei
ERR912199,0.05815216135665273,216415,dorei
ERR912201,0.05925093184299885,217043,dorei
1089274-24-7-0_,0.006335099333091929,284447,vulgatus
1089279-24-0-0_,0.006409109334657761,273829,vulgatus
1089279-24-28-0_,0.006349241161505395,273576,vulgatus
1089279-24-7-0_,0.006423764282120644,274294,vulgatus
donald4-11-30-0_,0.0056099408151244,285208,vulgatus
donald4-11-7-0_,0.005595347027208953,285237,vulgatus
mickey3-11-30-0_,0.0058544370842219745,283204,vulgatus
mickey4-11-0-0_,0.005837132354239425,283187,vulgatus
mickey4-11-30-0_,0.005851112664816345,283194,vulgatus
mickey4-11-7-0_,0.005835525038391612,283265,vulgatus
pluto4-11-7-0_,0.006263717649772409,277471,vulgatus
